pk,user,connections
1,"[1297388227708551168, 'troutfishfarms']","[[324436494, 'm1d_damage'], [1273746073480118272, 'ChessFacts_'], [943615580644327424, 'thespoongoon'], [4692348511, 'blksheepboy'], [1234203713411178497, 'Chandos_II'], [1296195826612604930, 'human_rue'], [766399509857468417, 'hoaxpudding'], [1268497766, 'brandenbishop'], [1092087614763610113, 'paintedWRLD'], [1284388366608465922, 'ClaraCianfer'], [1263208647137669122, 'ARBOR20K'], [1146240788, 'MBComerford'], [32879341, 'Emma_20904'], [1088425230559862785, 'RRomulus2021'], [1077001305879502848, 'luso_brendan'], [1242465959660716032, 'Aphorikles'], [1306661967235551234, 'cheerspilled'], [1114975081212600320, 'pu3rt0rr1can0'], [1316375947537461250, 'ScotchGittt'], [1268622514877616129, 'WIRED_GANG'], [1316194166007885828, 'EmmaNerv'], [1278770802448613386, 'toadmaster'], [1317778416184119301, 'dikaiopolis_2'], [1276591583329124353, 'nerv_emma'], [789161642651099136, 'stiscariot'], [1269639113793298432, 'gh0qav1LYa'], [164924031, 'realBillyMurga'], [1313861983549227010, 'piernasdebrujo'], [1228070376120487936, 'waves_over_sand'], [824794599176753160, 'XRipVanX'], [1256539730671308800, 'visualbasic97'], [3312248495, 'bobbygfresh'], [356249643, 'trycypress'], [1016837160429932545, '1111Press'], [1038098536083202049, 'FODKORP'], [1221132043196739584, 'RGBMASSACRE'], [56011131, 'Alephwyr']]"
2,"[324436494, 'm1d_damage']","[[943615580644327424, 'thespoongoon'], [1273746073480118272, 'ChessFacts_'], [4692348511, 'blksheepboy'], [1234203713411178497, 'Chandos_II'], [1296195826612604930, 'human_rue']]"
3,"[1273746073480118272, 'ChessFacts_']","[[324436494, 'm1d_damage'], [4692348511, 'blksheepboy'], [1296195826612604930, 'human_rue'], [943615580644327424, 'thespoongoon'], [1234203713411178497, 'Chandos_II']]"
4,"[943615580644327424, 'thespoongoon']","[[324436494, 'm1d_damage'], [4692348511, 'blksheepboy'], [1273746073480118272, 'ChessFacts_'], [1296195826612604930, 'human_rue'], [1234203713411178497, 'Chandos_II']]"
5,"[4692348511, 'blksheepboy']","[[324436494, 'm1d_damage'], [943615580644327424, 'thespoongoon'], [1273746073480118272, 'ChessFacts_'], [1234203713411178497, 'Chandos_II'], [789161642651099136, 'stiscariot'], [1296195826612604930, 'human_rue']]"
6,"[1234203713411178497, 'Chandos_II']","[[324436494, 'm1d_damage'], [1114975081212600320, 'pu3rt0rr1can0'], [789161642651099136, 'stiscariot'], [1273746073480118272, 'ChessFacts_'], [4692348511, 'blksheepboy'], [1296195826612604930, 'human_rue'], [943615580644327424, 'thespoongoon']]"
7,"[1296195826612604930, 'human_rue']","[[324436494, 'm1d_damage'], [1316194166007885828, 'EmmaNerv'], [1276591583329124353, 'nerv_emma'], [1273746073480118272, 'ChessFacts_'], [943615580644327424, 'thespoongoon'], [789161642651099136, 'stiscariot'], [1234203713411178497, 'Chandos_II'], [4692348511, 'blksheepboy']]"
8,"[766399509857468417, 'hoaxpudding']",[]
9,"[1268497766, 'brandenbishop']","[[1038098536083202049, 'FODKORP'], [1263208647137669122, 'ARBOR20K'], [1146240788, 'MBComerford']]"
10,"[1092087614763610113, 'paintedWRLD']","[[356249643, 'trycypress'], [1077001305879502848, 'luso_brendan'], [1038098536083202049, 'FODKORP']]"
11,"[1284388366608465922, 'ClaraCianfer']","[[1263208647137669122, 'ARBOR20K'], [1242465959660716032, 'Aphorikles'], [1146240788, 'MBComerford'], [1317778416184119301, 'dikaiopolis_2'], [356249643, 'trycypress'], [824794599176753160, 'XRipVanX']]"
12,"[1263208647137669122, 'ARBOR20K']","[[1268497766, 'brandenbishop'], [1284388366608465922, 'ClaraCianfer'], [356249643, 'trycypress'], [824794599176753160, 'XRipVanX']]"
13,"[1146240788, 'MBComerford']","[[1317778416184119301, 'dikaiopolis_2'], [1284388366608465922, 'ClaraCianfer'], [356249643, 'trycypress'], [1077001305879502848, 'luso_brendan'], [1268497766, 'brandenbishop'], [1114975081212600320, 'pu3rt0rr1can0']]"
14,"[32879341, 'Emma_20904']",[]
15,"[1088425230559862785, 'RRomulus2021']",[]
16,"[1077001305879502848, 'luso_brendan']","[[1269639113793298432, 'gh0qav1LYa'], [1114975081212600320, 'pu3rt0rr1can0']]"
17,"[1242465959660716032, 'Aphorikles']","[[1284388366608465922, 'ClaraCianfer'], [356249643, 'trycypress'], [1114975081212600320, 'pu3rt0rr1can0']]"
18,"[1306661967235551234, 'cheerspilled']",[]
19,"[1114975081212600320, 'pu3rt0rr1can0']","[[1234203713411178497, 'Chandos_II'], [1242465959660716032, 'Aphorikles'], [1306661967235551234, 'cheerspilled'], [824794599176753160, 'XRipVanX'], [1269639113793298432, 'gh0qav1LYa'], [1077001305879502848, 'luso_brendan'], [1146240788, 'MBComerford'], [1088425230559862785, 'RRomulus2021'], [1038098536083202049, 'FODKORP']]"
20,"[1316375947537461250, 'ScotchGittt']",[]
21,"[1268622514877616129, 'WIRED_GANG']","[[1284388366608465922, 'ClaraCianfer'], [1316194166007885828, 'EmmaNerv'], [1276591583329124353, 'nerv_emma'], [1146240788, 'MBComerford']]"
22,"[1316194166007885828, 'EmmaNerv']","[[1038098536083202049, 'FODKORP'], [1276591583329124353, 'nerv_emma']]"
23,"[1278770802448613386, 'toadmaster']","[[1038098536083202049, 'FODKORP']]"
24,"[1317778416184119301, 'dikaiopolis_2']","[[824794599176753160, 'XRipVanX'], [1146240788, 'MBComerford'], [1284388366608465922, 'ClaraCianfer'], [356249643, 'trycypress']]"
25,"[1276591583329124353, 'nerv_emma']","[[1038098536083202049, 'FODKORP'], [1316194166007885828, 'EmmaNerv']]"
27,"[1269639113793298432, 'gh0qav1LYa']",[]
28,"[164924031, 'realBillyMurga']",[]
29,"[1313861983549227010, 'piernasdebrujo']",[]
30,"[1228070376120487936, 'waves_over_sand']",[]
31,"[824794599176753160, 'XRipVanX']","[[1263208647137669122, 'ARBOR20K'], [356249643, 'trycypress'], [1146240788, 'MBComerford'], [1284388366608465922, 'ClaraCianfer'], [1114975081212600320, 'pu3rt0rr1can0']]"
32,"[1256539730671308800, 'visualbasic97']",[]
33,"[3312248495, 'bobbygfresh']",[]
34,"[356249643, 'trycypress']","[[1263208647137669122, 'ARBOR20K'], [1242465959660716032, 'Aphorikles'], [1284388366608465922, 'ClaraCianfer'], [1146240788, 'MBComerford'], [1092087614763610113, 'paintedWRLD'], [1317778416184119301, 'dikaiopolis_2'], [824794599176753160, 'XRipVanX']]"
35,"[1016837160429932545, '1111Press']",[]
